{"cameraMode":{"drawMode":0,"name":"Shaded","section":"Shading Mode"},"sceneLighting":false,"audioPlay":false,"sceneViewState":{"showFog":true,"showMaterialUpdate":true,"showSkybox":false,"showFlares":true,"showImageEffects":true,"showParticleSystems":true},"in2DMode":false,"pivot":{"x":-0.8699173927307129,"y":0.24057352542877198,"z":0.06525778770446778},"rotation":{"x":0.08373061567544937,"y":0.06601586192846298,"z":-0.005563972517848015,"w":0.9943240880966187},"size":2.4366140365600588,"orthographic":false}