{"cameraMode":{"drawMode":0,"name":"Shaded","section":"Shading Mode"},"sceneLighting":false,"audioPlay":false,"sceneViewState":{"showFog":true,"showMaterialUpdate":true,"showSkybox":false,"showFlares":true,"showImageEffects":true,"showParticleSystems":true},"in2DMode":false,"pivot":{"x":-0.41998401284217837,"y":-0.22782868146896363,"z":0.895312488079071},"rotation":{"x":0.2493198961019516,"y":0.01771744154393673,"z":-0.004562581889331341,"w":0.9682902693748474},"size":0.8633858561515808,"orthographic":false}