{"cameraMode":{"drawMode":0,"name":"Shaded","section":"Shading Mode"},"sceneLighting":true,"audioPlay":false,"sceneViewState":{"showFog":true,"showMaterialUpdate":true,"showSkybox":true,"showFlares":true,"showImageEffects":true,"showParticleSystems":true},"in2DMode":false,"pivot":{"x":-10.61299991607666,"y":-0.809999942779541,"z":-9.12700080871582},"rotation":{"x":-0.07768049836158753,"y":-0.29112035036087038,"z":0.023718364536762239,"w":-0.9532418847084045},"size":0.6513497233390808,"orthographic":false}