{"cameraMode":{"drawMode":0,"name":"Shaded","section":"Shading Mode"},"sceneLighting":false,"audioPlay":false,"sceneViewState":{"showFog":true,"showMaterialUpdate":true,"showSkybox":false,"showFlares":true,"showImageEffects":true,"showParticleSystems":true},"in2DMode":false,"pivot":{"x":0.3174164891242981,"y":0.6725577116012573,"z":-0.25928765535354617},"rotation":{"x":0.07949710637331009,"y":0.9196279048919678,"z":-0.2500758469104767,"w":0.2923528850078583},"size":1.8247449398040772,"orthographic":false}