{"cameraMode":{"drawMode":0,"name":"Shaded","section":"Shading Mode"},"sceneLighting":false,"audioPlay":false,"sceneViewState":{"showFog":true,"showMaterialUpdate":true,"showSkybox":false,"showFlares":true,"showImageEffects":true,"showParticleSystems":true},"in2DMode":false,"pivot":{"x":957.843017578125,"y":540.6744384765625,"z":-0.11293554306030274},"rotation":{"x":-0.04840758442878723,"y":0.2336191087961197,"z":-0.011645643040537835,"w":-0.9710538387298584},"size":3.351341485977173,"orthographic":false}