{"cameraMode":{"drawMode":0,"name":"Shaded","section":"Shading Mode"},"sceneLighting":false,"audioPlay":false,"sceneViewState":{"showFog":true,"showMaterialUpdate":true,"showSkybox":false,"showFlares":true,"showImageEffects":true,"showParticleSystems":true},"in2DMode":false,"pivot":{"x":-0.2994302809238434,"y":0.4323772192001343,"z":0.021991729736328126},"rotation":{"x":0.08373061567544937,"y":0.06601586192846298,"z":-0.005563972517848015,"w":0.9943240880966187},"size":0.9366142153739929,"orthographic":false}