{"cameraMode":{"drawMode":0,"name":"Shaded","section":"Shading Mode"},"sceneLighting":false,"audioPlay":false,"sceneViewState":{"showFog":true,"showMaterialUpdate":true,"showSkybox":false,"showFlares":true,"showImageEffects":true,"showParticleSystems":true},"in2DMode":false,"pivot":{"x":-0.5099642276763916,"y":0.010886073112487793,"z":-0.07669128477573395},"rotation":{"x":-0.18486972153186799,"y":0.709782063961029,"z":-0.2021966278553009,"w":-0.649009108543396},"size":1.5248713493347169,"orthographic":false}